Mercury,MarineFreshwater,FeedingPath,ClimateZone,DemersalPelagic,DepthRangeDeep,K,FishingVulnerabilityScore,tm,Resilience,Lmax,TrophicLevel
38.88398167,1,1,2,4,30,0.13262,69,4.883427258,2,150,2
38.88398167,1,2,2,4,20,0.2,55,3,3,120,2
38.88398167,1,1,2,4,29,0.28,42,2.3,3,120,3.1
29.26987805,2,1,4,3,100,0.605,10,1.5,1,8,2
25.19912365,2,1,2,3,72,1.79,13,1.15,1,23,2.7
268.3224059,2,2,4,7,260,0.49,38,1.3,3,110,4.4
38.88398167,1,2,3,4,20,0.13,64,4.4,3,146,2.8
33.67395708,2,2,3,4,364,0.41,41,1.8,3,45,3.4
89.08277778,2,2,3,4,210,0.44,45,1.4,3,150,4.5
102.4700175,2,2,2,6,300,0.36,31,2,3,64,3.4
268.3224059,2,2,4,7,250,0.31,46,1.8,3,239,4.4
24.2544657,2,2,2,6,100,0.48,30,1.7,3,27.5,3.1
102.4700175,2,2,2,7,306,0.06,67,10.1,3,70,3.3
68.15736654,2,1,3,4,600,0.17,65,3.6,3,200,4.1
24.2544657,2,2,2,6,200,0.33,34,2.2,3,39.5,2.8
25.19912365,2,1,4,3,150,1.37,17,1.15,1,34,2.6
102.4700175,2,2,3,6,1000,0.26,30,2.6,3,60,3.6
18.62900222,2,2,4,7,1200,0.735,90,0.53,1,400,4.14
30.17928451,1,2,2,4,200,0.69,43,0.9,3,122,4.1
21.83314917,2,1,2,3,15,1.355,35,2.5,1,45,2
164.7134515,1,1,3,4,20,0.13262,90,4.4,4,200,3.3
44.48950673,1,1,3,3,25,0.585,10,1.5,1,7.5,2.7
25.19912365,2,2,4,6,100,1.6,10,1.5,1,3,2.7
25.45227273,2,1,3,3,100,0.925,15,4,1,9,2.1
24.2544657,2,2,4,6,200,0.79,17,1,3,23,2.4
18.62900222,2,2,2,7,800,0.95,19,0.6,1,33,3.8
33.67395708,2,2,2,6,70,0.71,26,1.1,1,28.4,2.7
38.88398167,1,1,4,5,20,1.339,56,2.86251037,3,99,2.8
38.88398167,1,1,2,5,30,0.09,80,6.5,2,180,3.2
89.08277778,2,2,2,5,250,0.33,37,2,3,76,4.5
268.3224059,2,2,2,7,1500,0.25,56,2.3,3,250,4.5
44.48950673,2,1,4,4,50,1.105,10,0.49,1,15.86,3.72
33.67395708,2,2,3,6,475,0.41,49,1.8,3,46,3.2
68.15736654,2,1,1,5,1280,0.27,50,2.3,2,119,4.2
102.4700175,2,2,3,6,500,0.23,31,2.9,3,55,3.9
24.2544657,2,2,2,6,350,0.52,29,1.4,1,41,3.4
102.4700175,2,2,4,6,90,0.98,15,0.7,3,42.1,3.2
18.62900222,2,2,3,7,500,3.1,10,0.6,1,27,4.28
102.4700175,2,2,2,6,500,0.13,56,5.1,3,60,3.5
25.19912365,2,1,1,4,1450,0.225,10,5.71,3,14,3.07
65.30803571,2,2,3,5,450,0.18,55,3.6,3,112,4
89.08277778,2,2,3,4,250,0.39,49,1.6,3,100,3.7
25.19912365,1,1,4,3,2,0.63,10,1.5,1,28.25,2.65
25.19912365,2,1,4,3,300,1.845,10,0.49,1,8,2.7
140.38403,1,2,4,5,60,0.1957,47,2.666095378,3,200,4.5
102.4700175,2,2,4,6,200,1.45,18,0.5,1,34.5,2.7
20.74304839,2,1,3,3,60,0.6,36,2.5,1,10,2
25.45227273,2,1,3,3,70,0.27,45,4,3,20,2
102.4700175,2,2,4,6,70,0.28,52,2.1,3,240,4.5
268.3224059,2,2,4,6,1104.67,0.32,47,1.9,2,145,4.5
102.4700175,2,2,4,6,275,0.14,34,4.6,3,50,3.4
154.7154147,1,1,2,5,400,0.07,71,8.8,2,150,3.6
154.7154147,1,1,4,5,1,0.109,65,3.87878692,3,100,2.9
25.19912365,1,1,4,3,2,0.63,10,1.5,1,34,2.65
33.67395708,2,2,4,6,70,0.57,25,1.3,1,30,2.9
20.74304839,2,1,3,3,100,0.4575,10,2.5,1,18,2
21.83314917,2,1,2,3,79,1.14,27,2.5,1,10,2
44.48950673,2,1,4,8,65,1.61,10,0.49,1,20,2.48
20.74304839,2,1,4,3,100,1.27,11,2.5,1,15,2
24.2544657,2,2,4,6,70,1.2,17,0.6,1,29.6,2.9
25.19912365,2,1,4,3,180,0.885,11,1.15,1,15,2.7
89.08277778,2,2,2,6,250,0.21,50,3,3,108,4.2
164.7134515,2,1,2,5,150,0.26,40,2.6,3,70,3.7
24.2544657,2,2,2,6,80,0.33,33,2.1,3,30,3.2
102.4700175,2,2,2,6,1050,0.14,56,4.8,3,70,3.7
89.08277778,2,2,3,7,250,0.58,31,1.1,3,84,3.5
102.4700175,2,2,3,5,720,0.4,46,1.7,3,56.5,3.4
77.5,2,1,4,5,40,0.13,70,4.5,3,200,3.8
268.3224059,2,2,2,6,319.71,0.95,26,0.7,3,65,4.4
24.2544657,2,2,4,6,100,0.86,22.5,0.9,1,23,2.5
25.19912365,2,1,4,3,55,2.61,14,0.5,1,24,3
20.74304839,2,1,4,3,200,0.965,10,2.5,1,7,2
119.0572795,2,1,3,3,480,0.08,46,5,2,114,2.7
44.48950673,2,1,1,3,1400,0.585,10,1.5,1,20,2.3
69.0469697,2,1,3,5,700,0.12,50,5.7,2,49,3.5
29.26987805,2,1,3,3,70,0.295,37,2,3,20,2
44.48950673,2,1,4,3,50,2.39,10,0.49,1,28,3.17
25.19912365,2,1,2,3,174,1.65,10,1.5,1,19,2.2
25.19912365,1,1,2,4,23.5,0.8425,10,1.5,1,6,2.65
495.5855769,2,2,2,7,1000,0.1,67,5.2,2,400,4.4
164.7134515,2,1,2,8,200,0.07,40,8.8,3,130,3.6
44.48950673,2,1,4,4,90,1.045,13,0.49,1,23,4
52.96190476,2,1,3,5,200,0.06,71,10.5,3,100,3.2
20.74304839,2,1,3,3,100,0.6,21,2.5,1,15,2
44.48950673,2,1,4,3,50,1.845,18,0.49,1,28,3.17
33.67395708,2,2,2,6,125,1.65,16,0.5,3,33,3.6
102.4700175,2,2,4,4,100,0.26,56,2.6,3,35,3.5
18.62900222,2,2,4,6,180,1,10,0.78,1,46,3.99
25.45227273,2,1,4,3,70,2.44,10,4,1,12,2
20.74304839,1,1,2,3,60,0.23,10,2,3,22.6,2
18.62900222,2,2,2,5,350,0.485,20,0.78,1,28,3.2
119.0572795,2,1,3,3,800,0.24,14,2,3,24,2.7
25.19912365,2,1,4,3,200,2.995,10,1.15,1,19,2.8
24.2544657,2,2,2,6,60,0.71,23,1.1,1,27,3.1
102.4700175,2,2,1,5,720,0.4,30,1.7,2,56.5,3.4
25.45227273,2,1,3,3,70,0.5,26,4,1,12,2
24.2544657,1,2,4,5,23.75,2.62,10,0.582532453,1,13,2.9
102.4700175,2,2,4,6,140,0.21,30,2.9,3,184,4.4
102.4700175,2,2,3,6,200,0.91,34,0.7,3,113.2,4.5
164.7134515,2,1,3,4,23.75,0.1374125,62,3.83061191,2,82,3.1
25.19912365,2,1,2,3,119,5.575,11,1.15,1,19,2.7
20.74304839,2,1,3,3,100,0.21,10,2.5,3,17,2
18.62900222,2,2,4,2,1500,2.25,15,0.6,1,28,4.29
33.67395708,2,2,2,6,200,0.88,17,0.9,1,22,3.4
29.26987805,2,1,3,3,20,0.47,10,1.5,1,5,2
18.62900222,2,2,3,7,500,2.25,32,0.6,3,42,3.2
44.48950673,2,1,3,3,200,0.35,10,1.5,1,20,2.6
25.45227273,2,1,2,9,270,0.405,15,4,1,10,2
25.19912365,2,1,4,3,90,0.98,10,1.15,1,19,2.7
268.3224059,2,2,2,7,985,0.07,82,7.4,3,458,4.5
54.13862069,2,1,4,8,347,0.55,78,1.2,1,130,3.55
69.0469697,2,1,3,5,575,0.15,68,4.4,2,58,3.2
29.26987805,2,1,2,3,36,0.33,25,1.5,1,13,2
25.19912365,2,1,2,3,50,0.1,10,1.5,2,9,3.19
154.7154147,2,1,1,1,1000,0.13,84,4.6,2,200,4.2
119.0572795,2,1,4,3,90,0.275,35,4,3,45,2.6
69.0469697,2,1,2,5,150,0.36,46,2,3,70,3.2
68.15736654,2,1,1,5,300,0.18,47,3.7,3,55,4.1
44.48950673,2,1,3,3,90,0.35,10,1.5,1,21,2.6
278.7971204,2,1,1,5,950,0.1,64,6.4,2,84,4.2
24.2544657,2,2,2,6,20,1.21,24,0.6,1,20,3.4
29.26987805,1,1,4,3,9,0.665,10,1.5,1,4,2.05
38.88398167,1,1,4,4,20,0.735,34,2.15,1,32,2.6
268.3224059,2,2,2,7,550,0.1,76,5.3,3,300,4.42
140.38403,2,2,3,5,30,0.21,44,3.4,2,60,4.4
29.26987805,2,1,2,3,200,0.075,10,8.3,2,4,2
89.08277778,2,2,3,4,375,0.15,68,4,3,150,4.4
21.83314917,2,1,4,3,300,1.125,10,2.5,1,9,2
25.19912365,2,1,2,4,330,1.72,10,0.6,1,16,3.31
25.19912365,2,1,4,3,457,0.605,10,5.71,1,3,3.24
102.4700175,2,2,2,7,500,0.21,56,3.3,3,60,3.8
21.83314917,2,1,4,3,35,1.14,20,2.5,1,30,2.05
278.7971204,2,1,3,5,100,0.23,49,3,3,60,3.3
140.38403,2,2,3,6,30,0.14,62,4.4,2,100,4
164.7134515,2,2,3,7,120,0.15,39,4.5,3,47,4
268.3224059,2,2,3,7,2743,0.15,67,3.7,2,245,3.9
38.88398167,1,1,4,4,20,0.117,60,3,3,55,2
25.19912365,2,1,4,3,45,1.79,13,1.15,1,23,2.7
44.48950673,2,1,1,3,2700,0.585,10,1.5,1,10,2.3
24.2544657,2,2,4,8,75,1.14,16,0.7,1,27,2.9
25.45227273,2,1,3,3,70,0.93,22,4,1,11,2.1
278.7971204,2,1,3,5,143,0.38,59,1.8,3,50,3.6
25.19912365,2,1,4,3,90,2.875,10,1.15,1,18,2.7
38.88398167,2,1,3,5,20,0.34,39,2,3,64,3.1
25.19912365,2,1,4,3,720,1.225,10,1.15,1,19,2.7
44.48950673,2,1,3,3,1013,0.1425,12,5,2,40,2.82
33.67395708,2,2,4,8,50,0.65,24,1.1,3,38,4.5
69.0469697,2,1,3,5,1050,0.08,59,8.5,2,52,3.7
102.4700175,2,2,2,6,200,0.24,43,2.9,3,44,4.2
18.62900222,2,2,4,7,1000,1.4,23,0.6,1,27,3.98
268.3224059,2,2,4,6,319.71,0.61,32,1.1,3,50,4.4
25.19912365,2,1,4,3,1000,4.83,10,1.15,1,16,2.7
20.74304839,2,1,4,3,50,0.83,10,2.5,1,10,2
18.62900222,2,2,2,4,2200,2.25,30,0.6,1,50,4.2
29.26987805,2,1,3,3,20,0.21,10,2.5,3,8,2
68.15736654,2,1,1,5,1383,0.21,46,3.4,3,40,3.1
20.74304839,2,1,3,3,40,0.29,10,2.5,3,6.3,2
102.4700175,2,2,4,6,145,1.45,11,0.6,1,20,3.4
18.62900222,2,2,4,4,400,0.775,26,0.78,1,50,3.41
154.7154147,2,1,3,5,700,0.09,68,6.9,2,121.5,3.6
278.7971204,2,1,3,5,364,0.33,59,2,3,64,3.3
30.17928451,1,2,2,6,28,0.22,56,2.8,3,140,3.4
278.7971204,2,1,3,5,1570,0.1,68,6.6,3,60,3.2
25.19912365,2,1,4,4,740,0.73625,10,1.5,1,5,3.14
102.4700175,2,2,4,6,140,0.21,48,2.9,3,184,4.4
25.19912365,2,1,4,3,300,1.945,15,1.8,1,18,2.7
38.88398167,1,1,4,5,20,0.21,73,3.5,3,100,2.8
54.13862069,2,1,4,3,100,0.55,78,1.2,1,130,3.5
69.0469697,2,1,3,5,200,0.16,57,4.2,3,65,3.2
24.2544657,1,2,4,6,60,2.18,12,0.4,1,17,2.6
65.7515528,2,2,3,4,200,0.18,59,3.5,3,130,4.3
44.48950673,2,1,4,3,50,1.3,10,0.49,1,28,3.17
25.19912365,2,1,4,3,500,1.93,10,1.15,1,24,2.7
119.0572795,2,1,2,3,120,0.09,25,5,2,40,2.6
102.4700175,2,2,2,6,35,0.27,39,2.4,3,91,4.5
52.96190476,2,1,3,5,3000,0.09,66,7.1,2,82.6,4.1
44.48950673,2,1,4,3,1013,0.1425,10,5,2,14,2.44
102.4700175,2,2,3,4,460,0.2,50,3.4,3,64,3.9
25.19912365,2,1,4,3,330,2.24,13,1.15,1,27,3
69.0469697,2,1,3,5,1370,0.08,71,8.4,2,76,3.2
495.5855769,2,2,2,8,4000,0.09,82,5.9,2,350,4.5
164.7134515,2,1,2,4,300,0.3,37,2.4,3,60,3.3
25.45227273,2,1,2,3,70,2.4575,10,4,1,10,2
278.7971204,2,1,3,5,1200,0.13,64,4.9,2,100,4.3
18.62900222,2,2,2,6,465.5,0.9,37.5,0.78,1,46,3.99
44.48950673,2,1,3,3,1138,0.35,10,1.5,1,12,2.6
44.48950673,2,1,4,3,150,0.585,12,1.5,1,13,2.94
164.7134515,2,2,4,5,450,0.23,55,2.9,2,70,4.5
18.62900222,2,2,4,5,100,0.995,19,0.78,1,36,4.5
495.5855769,2,1,2,5,780,0.12,62,5.2,2,100,3.8
44.48950673,2,1,2,3,1013,0.185,10,5,3,14,2.5
164.7134515,2,2,4,5,80,0.54,21,1.3,3,32,4.1
25.19912365,2,1,2,3,93,0.865,17,1.15,1,23.5,2.7
29.26987805,2,1,4,3,1,0.48,30,1.5,1,8,2
164.7134515,2,1,4,8,20,0.26,37,2.7,3,36.2,3.4
25.19912365,2,1,4,3,170,1.485,10,1.21,1,15,2.7
44.48950673,2,1,3,3,1013,0.1425,12,5,2,18,2.82
102.4700175,2,2,2,4,370,0.08,56,8.1,3,60,3.3
89.08277778,2,2,2,6,39,0.29,37,2.3,3,89,4.1
21.83314917,2,1,2,3,200,1.14,10,2.5,1,25,2
44.48950673,2,1,4,8,200,0.585,10,1.5,1,18,3.44
164.7134515,2,1,2,5,200,0.18,58,3.6,2,100,4.5
44.48950673,2,1,2,3,800,0.35,10,1.5,1,14,2.6
102.4700175,2,2,4,6,40,0.31,38,2,3,100,4.4
278.7971204,2,1,3,5,183,0.21,48,3,3,94,4.5
44.48950673,2,1,2,3,45,0.35,10,1.5,1,16.83,3.55
495.5855769,2,2,2,4,1100,0.12,76,4.8,2,193,4.3
25.19912365,2,1,2,3,424,0.17,10,5.71,3,4,2.3
119.0572795,2,1,2,3,900,0.28,10,1.5,3,8,2.85
140.38403,1,2,2,4,56,0.313,44,2.635267438,2,50,3.7
38.88398167,1,1,4,4,20,0.728,52,3,3,65,2.4
25.19912365,2,1,4,3,40,1.755,10,1.15,1,8,2.75
278.7971204,2,1,3,5,143,0.38,59,1.8,3,64,3.6
119.0572795,2,1,2,3,150,0.08,46,5,2,65,2.7
102.4700175,2,2,4,8,105.42,0.11,67,5.5,3,125,3.3
29.26987805,2,1,2,3,50,0.3125,10,1.75,1,5,2
199.0799457,2,1,2,5,1020,0.09,60,6.5,2,105,3.8
18.62900222,2,2,2,7,1000,0.205,21,0.6,3,32,4.15
29.26987805,2,1,2,3,60,0.33,10,1,1,4,2
119.0572795,2,1,2,1,500,0.33,10,1.5,3,8,2.85
44.48950673,2,1,1,3,100,0.1425,10,5,2,14,2.3
495.5855769,2,1,2,5,150,0.08,78.5,7.1,2,183,4.1
164.7134515,2,1,3,5,23.75,0.185,65,3.5,3,45.5,3.2
199.0799457,2,1,2,5,500,0.24,48,2.7,2,71,4.2
119.0572795,2,1,3,3,200,0.095,43,3.5,3,58,2.6
164.7134515,2,1,2,5,50,0.1,57,6.6,3,45,3.4
20.74304839,2,1,2,3,100,0.4575,10,2.5,1,6,2
44.48950673,2,1,4,6,310,0.28,10,1.5,3,5,2.85
164.7134515,2,2,2,4,150,0.18,47,3.8,2,45,3.6
25.45227273,2,1,1,3,70,0.14,47,4,2,11,2
69.0469697,2,1,1,1,400,0.12,50,5.3,2,75,3.5
44.48950673,2,1,3,3,1347,0.1,10,5,2,20,2.82
21.83314917,2,1,4,3,300,1.125,10,2.5,1,10,2
25.19912365,2,1,4,3,50,1.41,10,1.15,1,18,2.7
119.0572795,2,1,3,3,200,0.095,43,3.5,3,58,2.6
495.5855769,2,1,3,5,350,0.17,76,3.5,2,157,4.5
25.19912365,2,1,4,3,3300,0.565,12,1.5,1,22,3.29
25.19912365,2,2,4,4,55,1.2,10,1.5,1,3,2.7
25.19912365,2,1,4,4,60,2.105,10,1.21,1,18,2.7
21.83314917,2,1,4,3,50,2.79,10,2.5,1,9,2
268.3224059,2,2,4,7,1104.67,0.15,61,4,3,108,4.4
25.19912365,2,1,4,3,80,0.73,10,1.15,1,14,2.7
69.0469697,2,1,3,5,550,0.17,62,3.9,3,53,4.1
164.7134515,2,1,2,5,35,0.23,37,2,3,50,3.2
25.19912365,2,1,4,3,1134,0.565,10,1.5,1,12,3.77
119.0572795,2,1,2,3,200,0.105,36,3.5,2,46,2.6
21.83314917,2,1,3,3,2,1.14,18.5,2.5,1,10,2
495.5855769,2,2,4,4,200,0.2,61,3.1,4,175,4.3
44.48950673,2,1,4,3,60,0.585,10,1.5,1,11,2.6
164.7134515,2,1,4,8,80,0.22,38,3.2,3,35,3.2
199.0799457,2,1,2,8,53,0.1,77,5.7,2,200,3.5
44.48950673,2,1,1,3,1000,0.585,10,1.5,1,38,3.4
24.2544657,2,2,2,6,80,0.63,22,1.3,1,18,3.2
29.26987805,2,1,4,3,20,1.13,10,1.5,1,12,2
164.7134515,2,1,2,4,500,0.21,37,3.4,3,36,3.8
44.48950673,2,1,1,3,466,0.585,10,1.5,1,15,3.08
44.48950673,2,1,4,4,75,1.83,10,0.49,1,14,3.7
268.3224059,2,2,4,8,250,0.12,90,4.6,2,248,4.5
21.83314917,2,1,4,3,40,0.895,33,2,1,10,2
69.0469697,2,1,3,5,900,0.11,65,6.2,2,60,3.3
119.0572795,2,1,4,3,122,0.3725,20,3.5,1,30,2.6
102.4700175,2,2,1,4,700,0.39,35,1.8,3,66,3.2
164.7134515,2,1,4,5,220,0.31,35,2.2,3,35,4
25.19912365,2,1,4,3,180,1.79,10,1.15,1,15,2.7
25.19912365,2,2,4,6,50,1.45,10,1.5,1,3,2.7
164.7134515,2,2,3,4,700,0.16,64,4.2,3,70,4.2
25.19912365,2,1,2,3,125,0.385,10,0.33,3,11,2.7
119.0572795,2,1,4,3,314,0.2,13,1.5,3,23,2.7
68.15736654,2,1,3,4,440,0.51,37,1.5,3,40,3.7
199.0799457,2,1,3,5,380,0.12,65,5.1,2,120,3.8
199.0799457,2,1,2,5,40,0.1,90,4.6,2,200,3.8
25.45227273,2,1,2,3,70,0.5,10,4,1,14,2
119.0572795,2,1,4,3,100,0.2,15,1.5,3,27.7,2.7
164.7134515,2,1,4,8,80,0.23,25,3.1,3,35,3.5
25.19912365,2,1,4,3,800,0.85,10,1.5,1,15,2.2
199.0799457,2,1,3,5,530,0.15,57,4.1,2,83.5,3.9
20.74304839,2,1,3,3,100,0.4575,10,2.5,1,5,2
89.08277778,1,1,3,4,200,0.16,46,4.1,3,79,3.6
25.19912365,2,1,4,3,75,0.73625,10,1.5,1,10,2.2
69.0469697,2,1,2,5,460,0.38,31,2,1,30,3.3
164.7134515,2,1,2,4,30,0.2,46.5,3.6,3,36.6,3.4
154.7154147,2,1,2,5,80,0.16,59.5,3.7,3,150,4
25.19912365,2,1,4,3,330,1.64,10,0.5,1,15,2.2
18.62900222,2,2,4,4,4595,3.1,50,0.6,1,75,4.01
44.48950673,2,1,2,3,200,0.87,10,1.5,1,6,3.5
102.4700175,2,2,2,7,400,0.69,66,1,2,81,3.6
25.19912365,2,1,2,3,20,1.095,10,1.21,1,11,2.7
30.17928451,1,1,3,4,27,0.28,43,2.3,3,86,3.3
44.48950673,2,1,3,3,80,1.4375,10,0.49,1,9,2.6
29.26987805,2,1,3,3,50,0.47,10,1.5,1,10,2
199.0799457,2,1,1,5,1540,0.23,51,2.8,2,105,4.2
54.13862069,2,1,2,3,500,0.55,30,1.2,1,40,3.7
164.7134515,2,1,2,4,90,0.47,36,1.7,3,27.5,3.6
21.83314917,2,1,2,3,550,1.14,10,2.5,1,10,2
25.19912365,2,1,4,3,81,1.755,10,1.15,1,5.1,2.7
25.19912365,2,1,4,3,33,1.485,10,1.21,1,6.5,2.7
69.0469697,2,1,4,5,65,0.18,49,3.7,3,60,3.3
44.48950673,2,1,4,3,200,0.87,10,1.5,1,9,3.43
29.26987805,2,1,2,3,8,0.16,10,1.5,3,12,2
495.5855769,2,1,2,5,150,0.08,67,7.1,4,183,4.1
25.19912365,2,1,1,3,909,0.415,10,5.71,1,10,2.6
25.45227273,2,1,2,3,70,0.5,15,4,1,8,2
25.19912365,2,1,3,3,501,0.415,10,5.71,1,12,2.6
119.0572795,2,1,3,3,640,0.465,11,5,1,25,2.7
30.17928451,1,2,3,4,61,0.133533333,64,7.320620778,2,150,4.3
495.5855769,2,1,1,1,2400,0.05,86,11.7,2,164,4.5
25.19912365,2,1,4,4,1300,0.665,10,1.5,1,17,2.3
25.45227273,2,1,3,3,300,0.445,32,4,1,13,2
495.5855769,2,1,1,5,1873,0.19,76,3.4,4,75,4.2
495.5855769,2,1,1,1,1800,0.2,65,3,2,182,4.2
154.7154147,2,1,2,5,277,0.27,54,2.3,3,85,3.84
154.7154147,2,1,4,5,440,0.14,87,4.4,2,100,3.55
154.7154147,2,2,2,5,464,0.08,72,7.9,2,152,3.8
199.0799457,2,1,4,8,170,0.2,52,3.5,4,70,3.3
44.48950673,2,1,2,3,1013,0.1425,12,5,2,14,2.44
54.13862069,2,1,2,3,496,0.55,10,1.2,1,19.4,3.98
164.7134515,2,1,2,4,200,0.21,58,3.2,2,90,3.7
199.0799457,2,1,2,4,43.5,0.144709559,72.5,5.809091508,2,200,3.8
25.19912365,2,1,3,3,968,0.415,10,5.71,1,16,2.3
44.48950673,2,1,3,3,2243,0.585,10,1.5,1,13,2.6
164.7134515,2,2,2,4,200,0.08,68,8.1,2,90,3.57
25.19912365,1,1,4,3,2,0.63,10,1.5,1,22.5,2.65
44.48950673,2,1,2,3,90,0.35,10,1.5,1,20,3.3
69.0469697,2,1,3,5,550,0.24,43,3,3,49,3.4
25.19912365,2,1,4,3,160,1.79,12,1.15,1,22,2.7
164.7134515,2,1,2,4,100,0.32,46.5,2.3,3,45,2.8
164.7134515,2,1,2,5,35,0.23,38,2.9,3,40,3.8
119.0572795,2,1,2,3,360,0.175,10,4,3,16,2.6
68.15736654,1,1,1,5,300,0.2,50,3.6,3,42,4.2
25.45227273,2,1,4,3,70,2.4575,10,4,1,9,2
18.62900222,2,2,3,4,500,0.9,19,0.78,1,42,4.1
495.5855769,2,2,2,7,230,0.09,84,5.8,4,400,4.2
119.0572795,2,1,4,3,50,0.57,40,3.5,1,50,2.6
199.0799457,2,1,1,5,55,0.14136846,51,5.933362096,4,137,3.6
154.7154147,2,1,1,1,440,0.08,90,7.3,2,150,3.9
164.7134515,2,1,4,8,50,1.18,18,0.7,3,36,3.48
25.19912365,2,1,4,3,190,1.13,10,1.15,1,15,2.76
44.48950673,2,1,1,3,2243,0.585,10,1.5,1,13,2.6
495.5855769,2,2,2,8,100,0.27,55,2.1,2,275,4.4
25.19912365,2,1,2,3,40,0.8425,10,1.5,1,11,2.7
18.62900222,2,2,2,5,431,0.9,56,0.78,1,90,4.29
33.67395708,2,2,4,6,50,1.41,10,0.6,1,8.5,3.57
68.15736654,2,1,1,5,1280,0.22,57.5,2.95,2,159.5,4.2
69.0469697,2,1,2,5,350,0.47,29,1.6,3,40,3.3
119.0572795,2,1,2,3,200,0.17,40,4,3,50,2.6
69.0469697,2,1,2,5,400,0.38,33,1.8,3,60,4
495.5855769,2,2,2,4,600,0.12,73,9,4,280,4.6
119.0572795,2,1,3,3,200,0.085,27,3.5,2,37,2.6
25.19912365,2,1,4,3,95,1.51,10,1.21,1,15,2.7
69.0469697,2,1,3,5,425,0.36,35,2,3,55,3.6
29.26987805,2,1,3,3,40,0.59,10,2,1,22,2.07
29.26987805,2,1,2,3,183,0.47,10,1.5,1,6,2
119.0572795,2,1,4,3,750,0.465,11,5,1,20.5,2.7
164.7134515,2,1,4,5,450,0.83,37,0.9,3,25,3.74
164.7134515,2,1,4,5,50,0.46,46.5,1.5,3,58,3.57
119.0572795,2,1,3,3,200,0.095,38,3.5,2,48,2.6
25.19912365,2,1,4,3,200,1.79,10,1.15,1,19,2.7
495.5855769,2,2,2,4,500,0.04,87,13.7,2,180,4.5
18.62900222,2,2,4,5,170,1.275,14,1,1,40,3.77
495.5855769,2,2,2,5,280,0.5,50,1.3,4,110,4.4
69.0469697,2,1,4,5,125,0.24,37,2.8,3,40,3.5
25.19912365,2,1,4,3,90,1.25,11,1.15,1,17,2.71
25.45227273,2,1,2,3,90,0.5,15,4,1,25,2
140.38403,1,1,4,8,12,0.47,37,1.5,1,47,4
278.7971204,2,1,2,5,183,0.25,48,2.5,3,152,4.5
25.19912365,2,1,2,3,90,0.39,29,1.5,1,18,2.2
18.62900222,2,2,4,5,170,1.275,30,1,1,46,3.99
25.19912365,2,1,4,3,37,1.485,10,1.21,1,16.2,3.39
25.19912365,2,1,3,3,2648,0.415,10,5.71,1,30,3.66
164.7134515,2,2,2,4,23.75,0.22,37,3,2,50,3.3
199.0799457,2,1,3,5,676,0.12,72,5,2,120,3.5
33.67395708,2,2,4,6,40,4.38,10,0.2,1,10.5,3.1
30.17928451,1,2,3,4,1000,0.14,56,4.2,3,200,4.4
495.5855769,2,2,4,7,70,0.145,78,9,2,353,4.08
44.48950673,2,1,4,3,180,0.49,10,1.5,1,16,2.7
25.19912365,2,1,4,3,92,1.43,13,2,1,22.20000076,3.44
119.0572795,2,1,4,8,80,0.2,30,1.5,3,40,2.7
25.19912365,2,1,2,3,200,0.585,12,1.5,1,21.6,3.64
25.45227273,2,1,4,3,70,2.475,10,4,1,8,2
25.19912365,2,1,2,3,10,1.12,10,1.5,1,6,2.65
25.19912365,2,1,4,3,384,0.58,10,1.5,1,15,2.2
495.5855769,2,2,2,5,10,0.24,82,2.4,4,190,4.2
164.7134515,2,1,2,4,150,0.36,46.5,1.8,3,60,3.2
44.48950673,2,1,4,8,200,0.18,10,1.5,3,15,3.2
119.0572795,2,1,4,3,70,0.3725,21,3.5,1,31,2.6
268.3224059,2,2,2,7,20,0.26,70,2.4,3,105,3.7
199.0799457,2,1,1,1,550,0.12,72,5,2,120,3.5
199.0799457,2,1,4,5,60,0.139974373,90,4.6,4,410,3.6
25.19912365,1,1,2,3,20.25,0.73625,10,1.5,1,6,2.65
25.19912365,2,1,2,3,460,1.64,10,0.5,1,10,2.6
119.0572795,2,1,4,3,40,0.415,22,3.5,1,32,2.6
69.0469697,2,1,4,5,961,0.32,35,2.1,3,45,3.5
102.4700175,2,2,4,6,100,0.59,49,1.1,3,120,4.5
495.5855769,2,2,2,8,75,0.15,57,3.8,2,200,3.9
69.0469697,2,1,3,5,200,0.16,44,4.2,3,65,3.2
44.48950673,2,1,2,3,272,0.585,10,1.5,1,14.5,3.59
495.5855769,2,1,1,1,1440,0.1,70,6.1,2,170,4.1
25.19912365,2,1,4,3,1865,0.955,10,1.5,1,15,2.6
199.0799457,2,1,3,5,100,0.17,53,3.7,2,87,3.9
44.48950673,2,1,3,3,300,0.585,10,1.5,1,15,2.6
495.5855769,2,1,2,8,130,0.2,90,4.03,2,430,4.2
21.83314917,2,1,4,3,50,0.875,18.5,2.5,1,7,2
278.7971204,2,1,2,5,300,0.26,44,2.8,3,39.7,4
20.74304839,2,1,4,3,64,0.315,10,2.5,1,9,2
44.48950673,2,1,1,3,2002,0.585,10,1.5,1,19,3.02
495.5855769,2,1,1,1,1400,0.05,90,11.5,4,160,4.4
154.7154147,1,1,4,5,8.5,0.16,60,3.8,2,100,2.7
164.7134515,2,1,4,8,25,0.54,15,1.4,1,25,3.6
25.19912365,2,1,4,3,60,0.495,10,1.15,1,17,2.7
29.26987805,2,1,3,3,55,0.59,10,2,1,17,2.7
164.7134515,2,1,4,8,300,0.07,60,8.7,2,75,3.5
495.5855769,2,2,4,8,140,0.34,50,1.8,2,160,4.2
495.5855769,2,2,2,8,64,0.14,82,4,4,200,4.4
44.48950673,2,1,4,3,77,1.4375,10,0.49,1,5,3.36
495.5855769,2,2,2,4,800,0.18,64,2.9,2,750,4.5
25.19912365,2,1,4,3,850,0.745,10,1.5,1,3.4,3.53
25.19912365,2,1,4,3,9,1.755,10,1.15,1,16.6,2.7
199.0799457,2,1,4,8,60,0.15,90,4.6,4,183,3.7
278.7971204,2,1,4,5,200,0.16,49,4.3,3,45,4.2
119.0572795,2,1,2,3,155,0.27,44,3.5,1,61,2.6
25.45227273,2,1,2,3,200,0.57,24,4,1,9,2.1
495.5855769,2,1,4,8,65.5,0.17,48,3.8,2,70,4
495.5855769,2,2,4,8,100,0.25,56,2.4,4,121,3.9
29.26987805,1,1,4,3,18,0.665,10,1.5,1,4,2.05
25.19912365,2,1,4,3,1850,0.565,10,1.5,1,19,2.3
495.5855769,2,1,3,5,150,0.08,90,7.1,2,183,4.1
199.0799457,2,1,2,5,343,0.45,55.5,1.5,2,70,3.8
25.19912365,2,1,4,3,37,1.755,10,1.15,1,5.79,2.86
29.26987805,2,1,1,3,46,0.19,10,2.5,3,6,2.1
154.7154147,2,1,2,4,3000,0.08,72,8.35,2,130,4.3
29.26987805,2,1,2,3,25,0.59,10,2,1,10,2.385
495.5855769,2,2,2,8,152,0.04,82,13.1,4,360,4.3
199.0799457,2,1,2,4,160,0.21,75,2.8,4,150,3.33
199.0799457,2,1,2,5,200,0.13,55.5,4.6,2,100,3.5
164.7134515,2,1,4,5,50,0.23,42,2.7,3,90,3.5
164.7134515,2,1,4,8,100,0.21,44,3.1,3,60,3.4
495.5855769,2,2,2,8,100,0.21,62,2.6,4,300,4.2
278.7971204,2,1,4,5,27,0.16,33,4.3,3,35,3.5
18.62900222,2,2,4,4,850,2.25,10,0.6,1,16,4.25
278.7971204,2,1,3,5,73,0.24,44,2.9,3,45.7,3.7
495.5855769,2,2,3,7,2000,0.06,86,7.8,4,1520,3.2
278.7971204,2,1,4,8,150,0.16,29,4.3,2,39,3.5
119.0572795,2,1,2,3,100,0.2,35,1.5,3,45,2.7
119.0572795,2,1,2,3,200,0.095,38,3.5,2,48,2.6
164.7134515,2,1,2,5,165.3,0.27,20,2.7,3,30,2.8
69.0469697,2,1,3,5,350,0.47,37,1.6,3,40,3.3
25.19912365,2,1,4,3,37,2.96,10,0.42,1,11.8,2.7
495.5855769,2,1,1,4,2992,0.01,90,47.8,4,427,4.2
495.5855769,2,2,4,8,500,0.3,55.5,2.9,4,113,4
495.5855769,2,1,2,5,36,0.08,77,7,4,150,4.1
25.45227273,2,1,4,3,70,1.16,11,1,1,10,2
25.19912365,2,1,3,3,20.25,0.73625,10,1.5,1,4,3.4
25.19912365,2,1,4,3,35,2.11,10,1.15,1,4.2,2.72
25.45227273,2,1,2,3,70,0.93,22,4,1,64,2.1
495.5855769,2,2,2,5,345,0.145,58,4.15,2,110,4.4
199.0799457,2,1,2,5,100,0.14136846,51,5.933362096,4,400,4.5
278.7971204,2,1,1,5,375,0.19,51,3.5,3,91,3.6
25.19912365,2,1,4,4,300,0.415,10,5.71,1,12,2.6
199.0799457,2,1,2,5,462,0.19,51,3.3,2,63,3.7
495.5855769,2,2,4,8,150,0.11,90,4.9,4,280,4.3
199.0799457,2,1,1,1,1463,0.13,90,5,2,170,4.4
102.4700175,2,2,1,7,600,0.16,73,3.8,3,100,4.4
18.62900222,2,2,3,7,50,2.25,30,0.6,1,40,4.36
199.0799457,2,1,4,5,50,0.15,90,4.6,4,200,3.7
25.45227273,2,1,3,3,400,0.19,15,4,3,6,2
140.38403,2,1,3,5,400,0.37,12.5,2,1,28,3.96
495.5855769,2,2,2,8,360,0.04,87,12.9,4,325,4.5
495.5855769,2,1,2,8,690,0.12,62,5.2,2,100,4.2
164.7134515,2,1,2,8,40,1.78,23,0.4,1,33,2.9
495.5855769,2,1,1,1,777,0.091852536,90,13.13947277,4,150,3.1
44.48950673,2,1,3,3,500,1.4375,10,0.49,1,4.4,3.46
21.83314917,2,1,4,3,50,1.14,10,2.5,1,9,2
199.0799457,2,1,4,8,82.33,0.15,83.5,4.6,2,260,3.5
29.26987805,2,1,3,3,9,0.33,10,1.5,1,4,2
44.48950673,2,1,3,3,80,0.585,12,1.5,1,22,3.21
33.67395708,2,2,4,8,13,2.6,17,0.6,1,25,3.6
199.0799457,2,1,4,5,50,0.139974373,90,4.806734161,4,130,3.45
199.0799457,2,1,4,4,40,0.1,90,4.6,2,130,3.6
44.48950673,2,1,2,3,800,0.585,10,1.5,1,5,2.6
69.0469697,2,1,4,5,110,0.1,64,6.3,2,66.5,3.6
38.88398167,1,1,3,4,20,0.221952381,51,1.703611446,3,46.6,2.5
278.7971204,2,1,2,5,43,0.23,48,2.8,3,83,3.5
44.48950673,2,1,2,3,549,0.585,11,1.5,1,19,2.8
199.0799457,2,1,2,4,160,0.21,83,2.8,4,150,3.33
18.62900222,2,2,4,7,1500,3.1,40,0.6,1,43.3,4.145
69.0469697,2,1,2,5,400,0.37,44,2.1,3,35,3.3
495.5855769,2,1,2,1,2500,0.6,90,5.87,2,482,4.5
278.7971204,2,1,4,5,50,0.57,44,1.2,3,35,3.6
119.0572795,2,1,4,3,90,1.71,30,2.2,1,40,2.6
495.5855769,2,2,2,6,92,0.04,82,13.6,4,340,4.3
199.0799457,2,1,1,1,2117,0.12,75,5,2,125,3.8
18.62900222,2,2,2,5,674,0.235,10,0.78,3,8.8,3.47
199.0799457,2,1,4,8,20,0.15,90,4.6,4,35,3.6
495.5855769,2,2,4,4,395,0.17,90,3.4,4,186,4.2
25.19912365,2,1,4,3,300,1.755,11,1.15,1,20.5,2.7
495.5855769,2,1,4,5,48,0.145,58,4.15,2,96,4.2
495.5855769,2,2,4,5,70,0.3,55.5,2.9,4,80,4.3
164.7134515,2,1,2,5,100,0.18,53,3.5,3,85,3.5
278.7971204,2,1,4,5,38,0.16,20,4.3,1,35,3.5
119.0572795,2,1,2,3,600,0.175,50,4,3,75,2.6
154.7154147,1,1,2,5,2,0.08,90,7.3,4,150,2.8
164.7134515,2,1,4,8,60,0.31,36,2.1,3,80,3.3
18.62900222,2,2,2,5,630,0.235,10,0.78,3,21,4.5
18.62900222,2,2,1,2,900,2.25,58,0.6,1,94,3.96
164.7134515,2,1,4,5,100,0.43,28,1.7,1,30,3.9
25.19912365,2,1,4,3,130,1.09,10,1.15,1,24,2.7
495.5855769,2,1,4,5,100,0.160297826,84,7.167565863,4,140,4.3
33.67395708,2,2,4,8,22,0.6,21,1.3,3,21.2,3.4
29.26987805,2,1,4,3,20,0.64,23,1.5,1,15,2
44.48950673,2,1,4,3,25,0.585,10,1.5,1,5,2.5
25.19912365,2,1,4,3,78,1.755,10,1.15,1,10.1,2.7
25.19912365,2,1,4,3,1454,0.17,10,5.71,3,12,2.7
278.7971204,2,1,4,5,30,0.57,44,1.2,3,39,4.5
119.0572795,2,1,1,3,1218,0.28,10,1.5,3,7.5,2.85
68.15736654,2,1,3,5,69,0.32,28,2.2,3,38.1,3.8
164.7134515,2,1,4,5,264,0.54,25,1.4,3,35,3.5
25.19912365,2,1,3,3,17,0.565,10,1.5,1,1,2.6
495.5855769,2,1,4,5,75,0.145,53,4.9,4,77,3.8
69.0469697,2,1,4,5,37,0.8,10,1.1,1,10,3.28
119.0572795,2,1,4,3,600,0.18,25,4,3,38.7,2.6
278.7971204,2,1,4,5,25,0.23,48,2.8,3,80,4.5
44.48950673,2,1,4,5,77,1.4375,11.5,0.49,1,16,3.63
33.67395708,2,2,4,6,50,0.83,10,0.9,1,18.4,3.1
25.19912365,2,1,4,3,50,1.79,10,1.15,1,18.2,3.77
24.2544657,2,2,2,6,50,0.55,24,1.3,1,20,3.4
199.0799457,2,1,4,5,60,0.139974373,90,4.806734161,2,100,3.4
199.0799457,2,1,4,5,36,0.1,90,5.7,4,200,4.3
69.0469697,2,1,4,5,400,0.27,41,2.5,3,44,3.5
54.13862069,2,1,2,8,300,0.55,64.5,1.2,1,200,3.55
199.0799457,2,1,4,4,22,0.15235478,59,4.944545754,2,120,3.2
278.7971204,2,1,2,5,35,0.23,48,2.8,3,70,4.47
25.19912365,2,1,2,3,871,0.58,10,1.5,1,11.2,3.56
69.0469697,2,1,2,5,100,0.6,24.5,1.3,3,35,3.3
278.7971204,2,1,2,5,130,0.23,48,2.8,3,71,4.47
25.19912365,2,1,2,4,2100,0.52,10,1.5,1,16.9,3.59
119.0572795,2,1,4,3,20,0.2,10,1.5,3,20,2.7
495.5855769,2,1,2,5,570,0.25,57,2.2,4,300,4.7
199.0799457,2,1,2,5,200,0.15,90,4.6,4,64,4.1
25.19912365,2,1,4,3,27,1.485,10,1.21,1,11.10000038,2.7
199.0799457,2,1,4,4,30,0.139974373,90,4.806734161,4,84,3.5
25.19912365,2,1,3,3,650,0.415,10,5.71,1,12,2.6
199.0799457,2,1,2,8,800,0.144789034,60,4.9,2,100,4.5
154.7154147,2,1,2,5,582,0.08,72,8.35,2,185,4.5
164.7134515,2,1,4,8,8,0.32,46.5,2.3,3,25,2.7
495.5855769,2,2,2,8,810,0.1,90,5.4,4,300,4.5
154.7154147,2,1,4,5,390,0.13,46,4.6,3,52.7,3.8
495.5855769,2,2,2,7,1200,0.06,86,10,4,640,4.5
29.26987805,2,1,2,3,35,0.59,10,2,1,17,2
199.0799457,2,1,4,5,20,0.15235478,86,4.944545754,2,104,3.6
199.0799457,2,2,2,7,381,0.18,63,3.4,4,96,4.4
154.7154147,2,1,1,1,2000,0.23,90,4.36,2,180,4.5
154.7154147,2,1,4,5,3000,0.08,87,19,4,165,3.6
164.7134515,2,1,2,4,170,0.09,58,7,2,80,3.8
495.5855769,2,1,2,5,156,0.145,90,4.15,4,198,3.7
164.7134515,2,1,2,5,80,0.05,74,2.9,4,120,3.56
21.83314917,2,1,4,3,5,1.14,10,2.5,1,20,2
20.74304839,2,1,3,3,100,0.4575,10,2.5,1,25.5,2
18.62900222,2,2,4,5,500,0.235,10,0.78,3,22.3,3.98
199.0799457,2,1,2,5,355,0.1,83.5,6.1,2,122,3.5
44.48950673,2,1,3,3,1690,0.1425,10,5,2,11,2.3
33.67395708,2,2,4,6,50,0.61,10,1.2,1,20,3.2
30.17928451,1,2,3,4,119,0.33,64,2.1,2,76,4
495.5855769,2,2,2,8,400,0.04,88,12.7,4,420,4.3
29.26987805,2,1,4,8,35,0.23,25,3.8,3,35,2.15
278.7971204,2,1,3,5,311,0.23,48,2.8,3,49,4.3
29.26987805,2,1,2,3,20,0.3125,10,1.75,1,7,2.1
164.7134515,2,1,2,5,28,0.32,46.5,2.3,3,46,2.3
69.0469697,2,1,4,5,140,0.65,24,2.65,1,35,3.3
495.5855769,2,1,1,7,1250,0.066845091,42,22.14164684,4,47,4.2
29.26987805,2,1,2,3,183,0.47,10,1.5,1,6,2
44.48950673,2,1,4,3,50,0.585,10,1.5,1,14,3.44
495.5855769,2,1,2,5,78,0.17,48,3.8,2,70,3.8
44.48950673,2,1,1,3,2379,0.1425,10,5,2,10,2.3
44.48950673,2,1,1,3,2125,0.1425,10,5,2,11,2.3
119.0572795,2,1,4,8,23,0.3725,10,3.5,1,20,2.6
199.0799457,2,1,2,5,94,0.14136846,51,5.933362096,4,100,4
44.48950673,2,1,4,3,55,1.4375,10,0.49,1,9.3,3.3
25.19912365,2,1,2,2,2000,0.815,10,1.5,1,10.5,3.69
164.7134515,2,1,4,8,60,0.45,21,1.6,1,31,3.8
44.48950673,2,1,4,3,179,0.585,10,1.5,1,5,2.5
30.17928451,1,2,3,5,250,0.33,46,2,3,71,3.3
33.67395708,2,2,2,6,50,0.61,20,1.2,1,30,3.3
69.0469697,2,1,2,5,450,0.48,24,1.7,3,16.4,3.3
495.5855769,2,1,1,4,2205,0.050926268,90,11,2,440,4.4
29.26987805,2,1,4,3,20,0.11,64,4,2,60,2.125
164.7134515,2,1,2,8,300,0.16,46.5,4.1,3,55,3
495.5855769,2,2,2,7,1928,0.02,87,4.03,4,1700,3.6
69.0469697,2,1,2,5,150,0.42,10,1.8,3,20,3.28
69.0469697,2,1,4,5,107.5,0.27,47.5,2.85,3,10,3.5
69.0469697,2,1,4,5,30,0.535,24.5,1.45,3,18,3.3
164.7134515,2,1,4,8,170,0.23,42,2.9,3,80,3.8
54.13862069,2,1,2,3,700,0.55,69,1.2,1,16.5,3.55
25.19912365,2,2,2,4,1022,0.59,10,1.5,1,2.15,3.19
495.5855769,2,1,1,1,1200,0.183307778,76,5.748418777,4,63,4
495.5855769,2,2,2,8,800,0.18,58,2.9,4,750,4.5
18.62900222,2,2,1,7,500,3.1,40,0.6,1,55.5,4.145
25.19912365,2,1,3,3,55,1.595,10,1.15,1,14.8,2.2
199.0799457,2,1,2,5,400,0.11,55.5,5.8,2,60,3.3
495.5855769,2,1,4,8,85,0.2,79,4.03,2,132,4.1
29.26987805,2,1,3,3,50,0.145,10,3,2,22,2.03
44.48950673,2,1,4,3,50,0.585,10,1.5,1,11,2.6
119.0572795,2,1,4,3,180,0.3725,25,3.5,1,40,2.6
25.19912365,2,1,3,3,1,0.585,10,1.5,1,15,2.57
495.5855769,2,1,1,1,1330,0.091852536,86,13.13947277,2,143,4.2
69.0469697,2,1,2,5,533,0.2,27,3.5,3,37,3.9
278.7971204,2,1,2,5,110,0.34,33,2.3,3,18,3.8
29.26987805,2,1,4,8,30,0.16,50,4,2,40,2.12
495.5855769,2,2,1,1,1000,0.144789034,84,7.68880165,4,137,4.2
140.38403,1,1,3,5,5,0.23,46,2.825,3,76,3.7
20.74304839,2,1,4,3,30,0.26,32,2.5,3,12,2
18.62900222,2,2,3,4,701,0.9,10,0.78,1,5,4.04
25.19912365,2,1,4,3,40,1.755,10,1.15,1,18.9,2.2
119.0572795,2,1,2,3,1473,0.17,10,5.71,3,17,2.5
199.0799457,2,1,4,8,500,0.15,90,4.6,4,330,4.2
18.62900222,2,2,2,2,528,2.25,58,0.6,1,200,3.96
30.17928451,1,2,3,5,119,0.33,56,2.1,3,104,3.3
154.7154147,2,1,1,1,1300,0.23,44,2.825,4,60,3
199.0799457,2,1,4,8,65,0.16,72.5,4.08,2,91.6,3.6
199.0799457,2,1,2,5,300,0.21,55.5,3.1,2,70,3.7
495.5855769,2,1,1,1,2213,0.09,42,14.2,4,75,4.2
69.0469697,2,1,4,5,125,0.22,30,3.1,3,40,3.28
18.62900222,2,2,2,3,450,0.9,10,0.78,1,2.5,4.04
29.26987805,2,1,4,3,20,0.145,10,4,2,15,2.125
199.0799457,2,1,1,5,800,0.13,90,5,2,60,4.3
44.48950673,2,1,4,3,50,1.845,10,0.49,1,20,3.17
495.5855769,2,1,2,5,50,0.145,90,4.15,4,142,4
18.62900222,2,1,3,3,899,0.9,10,0.78,1,10,4.04
44.48950673,2,1,1,3,1690,0.1425,10,5,2,16,2.3
20.74304839,2,1,2,3,200,0.195,10,2.5,3,6.611,3.4
44.48950673,2,1,4,3,2,0.16,10,1.5,3,15,2
69.0469697,2,1,4,5,1480,0.27,35,2.65,3,12.8,3.5
25.19912365,2,1,4,3,90,0.9,15,1.21,1,15.19999981,3.39
44.48950673,1,1,4,3,5,0.585,10,1.5,1,20,2.93
495.5855769,2,2,2,7,590,0.14,66,5.1,4,110,4.2
29.26987805,2,1,4,3,42,0.155,39,4,3,40,2.1
164.7134515,2,1,2,5,346,0.37,37,1.9,3,35,4.53
44.48950673,2,1,4,3,180,0.585,10,1.5,1,16,2.7
44.48950673,2,1,1,3,1620,0.585,10,1.5,1,18,2.81
44.48950673,2,1,3,3,1013,0.1425,10,5,2,14,2.3
495.5855769,2,1,1,1,900,0.144789034,90,4.9,4,310,4.4
119.0572795,2,1,3,3,1735,0.3525,12.5,5,1,25,2.7
29.26987805,2,1,2,3,25,0.75,10,1.5,1,3,2
69.0469697,2,1,4,5,20,0.2,25,3.5,3,38,3.5
29.26987805,2,1,4,3,35,0.135,82,4,2,137,2.1
89.08277778,2,1,4,5,200,0.23,46,2.825,3,60,3.3
69.0469697,2,1,4,5,293,0.27,22,2.65,3,32,3.5
54.13862069,2,1,4,3,100,0.55,10,1.2,1,18,3.55
278.7971204,2,1,2,5,79,0.23,48,2.8,3,63.5,3.5
154.7154147,2,1,2,5,550,0.23,59.5,2.7,3,100,3.91
69.0469697,2,1,2,5,460,0.35,33,2,3,40,3.28
199.0799457,2,1,3,5,1600,0.15,55.5,4.1,2,76,4.2
119.0572795,2,1,2,3,300,0.27,10,3.5,1,18.5,2.6
119.0572795,2,1,2,3,15,0.39,20,3.5,1,30,2.6
44.48950673,2,1,4,3,124,0.585,10,1.5,1,16,2.7
119.0572795,2,1,2,3,444,0.2,10,1.5,3,16,2.7
495.5855769,2,1,1,1,1044,0.091852536,90,13.13947277,4,120,4
18.62900222,2,2,4,3,20,0.9,10,0.78,1,8,4.5
199.0799457,2,1,2,4,150,0.21,83,2.7,4,222,3.8
199.0799457,2,1,1,1,2055,0.12,44,5,2,60,3.4
119.0572795,2,1,4,3,180,0.2,20,1.5,3,30,2.7
25.19912365,2,1,4,3,16,2.11,10,1.15,1,5.8,2.72
119.0572795,2,1,4,3,40,0.3725,25,3.5,1,46,2.6
54.13862069,2,1,4,8,100,0.55,10,1.2,1,15,3.34
38.88398167,1,1,2,4,2.5,1.627,51,1.823180446,3,56,2
495.5855769,2,1,4,8,50,0.41,36,1.6,2,83,4
154.7154147,2,1,1,1,4300,0.1,90,5.9,4,127,3.6
140.38403,2,2,3,5,140,0.35,12.5,2.1,1,30,3.1
119.0572795,2,1,2,3,455,0.2,10,1.5,3,16,2.7
199.0799457,2,1,2,5,270,0.15,90,4.6,4,300,3.8
199.0799457,2,1,4,5,160,0.21,83,2.8,4,150,3.33
25.19912365,2,1,4,3,230,0.585,12,1.5,1,21.6,3.64
44.48950673,2,1,2,3,700,0.31,10,1.5,1,10,3.94
495.5855769,2,2,2,8,65,0.1,90,5.4,2,300,4.5
278.7971204,2,1,2,5,110,0.34,41,2.3,2,18,3.8
69.0469697,2,1,2,5,300,0.42,11,1.8,3,20,3.28
25.19912365,1,1,4,3,2,0.63,10,1.5,1,28.25,2.65
119.0572795,2,1,3,3,300,0.28,10,1.5,3,7.5,2.85
54.13862069,2,1,4,3,800,0.55,10,1.2,1,12,4
29.26987805,2,1,4,3,20,0.47,10,1.5,1,10.3,2
69.0469697,2,1,1,1,800,0.16,47,4,2,35,3.5
18.62900222,2,2,4,7,1500,2.25,30,0.6,1,65,4.145
495.5855769,2,1,4,5,100,0.115,46,5.05,4,98,4
25.19912365,2,1,2,3,30,0.8425,10,1.5,1,6,2.65
119.0572795,2,1,4,3,91,0.2,30,1.5,3,30,2.7
495.5855769,2,1,1,1,1400,0.065,66,9.55,4,110,4.5
69.0469697,2,1,1,1,1350,0.59,24,1.4,1,21,3.2
44.48950673,2,1,2,3,2,0.16,10,1.5,3,15,2
25.19912365,2,1,2,3,910,0.745,10,1.5,1,14.5,3.56
69.0469697,2,1,4,5,50,0.25,29.5,2.8,3,35,3.28
199.0799457,2,1,1,1,500,0.15,54,4.1,2,85,3.5
25.19912365,2,2,4,3,130,1.755,10,1.15,1,10.1,3.01
20.74304839,2,1,4,3,100,0.4575,10,2.5,1,5,2
495.5855769,2,1,4,8,90,0.2,90,4.03,2,354,3.1
495.5855769,2,1,1,1,823,0.08,60,7.6,4,100,4.3
164.7134515,2,1,4,8,30,0.39,37,1.8,3,30,3.7
69.0469697,2,1,4,5,46,0.25,44,2.8,3,28,3.3
18.62900222,2,2,4,7,2604,0.84,60,0.68,1,100,4.49
69.0469697,2,1,4,5,30,0.535,20,1.45,3,30,3.6
69.0469697,2,1,4,5,30,0.27,30,2.65,3,40,3.6
69.0469697,2,1,4,5,60,0.25,44,2.8,3,22.5,3.2
25.19912365,1,1,2,3,23.5,0.8425,10,1.5,1,6,2.65
44.48950673,2,1,2,3,180,0.585,10,1.5,1,8,2.99
154.7154147,2,1,4,8,20,0.21,65,2.9,3,108,3.61
119.0572795,2,1,4,3,900,0.27,30,3,3,40,2.6
495.5855769,2,2,4,5,170,0.160297826,68,7.167565863,4,114,4.2
119.0572795,2,1,4,3,200,0.355,30,3.5,1,40,2.6
164.7134515,2,1,4,8,20,0.46,20,1.6,1,30,3.6
25.45227273,2,1,2,3,70,0.535,10,4,1,4,2
199.0799457,2,1,1,5,300,0.15,55.5,4.1,2,83,3.6
25.19912365,2,1,4,3,3000,0.17,10,5.71,3,14.2,2.5
69.0469697,2,1,2,5,20,0.2,25,3.5,3,35,3.7
25.19912365,2,1,2,3,800,0.835,10,1.5,1,14.5,3.56
199.0799457,2,1,2,4,800,0.144789034,90,4.9,2,180,4.5
20.74304839,2,1,4,3,100,0.4575,10,2.5,1,7,2
69.0469697,2,1,2,5,100,0.38,30,2,1,22,3.5
495.5855769,2,2,4,8,330,0.07,83,8.2,4,213,4.2
278.7971204,2,1,4,5,100,0.46,48,1.5,3,35,4.2
495.5855769,2,2,4,5,192,0.19,82,3.1,4,150,4.2
199.0799457,2,1,4,5,200,0.15,55.5,4.1,2,50,3.75
495.5855769,2,2,4,8,1000,0.15,85,3.9,4,255,4.1
278.7971204,2,1,4,5,46,0.57,44,1.2,3,20,3.5
154.7154147,2,1,4,5,10,0.08,90,8.35,4,70,3.8
199.0799457,2,1,1,1,2300,0.12,56,5,2,90,3.7
154.7154147,2,1,1,1,4800,0.211908908,60,3.385218972,3,100,4.1
21.83314917,2,1,4,3,90,0.535,15,4,1,11.2,2.02
495.5855769,2,2,4,8,800,0.1,90,5.4,4,300,4.2
495.5855769,2,2,4,8,40,0.28,60,2.2,4,100,4.2
102.4700175,2,2,2,8,50,0.27,67,2.3,3,100,4.2
18.62900222,2,2,2,2,1000,0.9,10,0.78,1,44,3.99
495.5855769,2,1,2,5,150,0.08,78.5,7.1,2,183,4.1
21.83314917,2,1,4,3,60,0.935,33,2,1,28,2.05
25.45227273,2,1,2,3,70,0.535,10,4,1,8.7,2
495.5855769,2,2,1,2,1200,0.091852536,15,13.13947277,2,22,4.2
18.62900222,2,2,2,4,2200,2.25,30,0.6,1,38.3,4.21
278.7971204,2,1,3,5,1115,0.28,36,2.5,3,50,3.7
495.5855769,2,1,1,1,540,0.183307778,76,5.748418777,4,40.45714286,4.12
20.74304839,2,1,2,3,200,0.04,10,2.5,4,10,2
44.48950673,2,1,3,3,2760,1.4375,10,0.49,1,3.96,3.54
25.19912365,2,1,2,3,180,0.585,10,1.5,1,3.96,3.54
140.38403,2,1,2,8,300,0.32,12.5,2.3,1,27,3.8
52.96190476,2,1,3,1,600,0.15,68,4.5,4,87,3.6
119.0572795,2,1,4,3,750,0.465,11,5,1,20,2.7
119.0572795,2,1,4,3,1300,0.27,10,3.5,1,20,2.6
21.83314917,2,1,4,3,140,0.535,15,4,1,11.2,2.02
25.19912365,2,1,2,3,61,3.19,10,1.15,1,14.5,2.77
54.13862069,2,1,4,8,20,0.55,60,1.2,1,100,3.64
164.7134515,2,1,2,5,346,0.37,37,1.9,3,35,3.4
495.5855769,2,1,1,1,700,0.183307778,76,5.748418777,4,70,4.5
25.19912365,2,1,2,3,350,5.2,10,1.15,1,30,3.66
495.5855769,2,1,1,1,1570,0.25,90,5.87,4,200,4.2
25.19912365,2,1,4,3,1463,1.06,10,1.5,1,16,2.2
25.19912365,2,1,3,3,640,1.755,10,1.15,1,10.5,2.7
154.7154147,2,1,1,2,3120,0.220954454,43,3.872609486,2,58,3.2
68.15736654,2,1,3,5,275,0.38,31,2,3,30.5,3.6
21.83314917,2,1,4,3,150,0.975,33,2,1,10.1,2.05
44.48950673,2,1,1,3,150,0.1425,10,5,2,12,2.3
38.88398167,1,1,2,5,20,0.21,56,3,3,64,2
21.83314917,2,1,4,3,3,1.14,10,2.5,1,5,2
199.0799457,2,1,3,5,200,0.120397681,90,4.027639209,4,80,4
25.19912365,2,1,3,3,894.5,0.415,10,5.71,1,12,2.6
102.4700175,2,2,2,4,600,0.16,34,3.8,3,100,4.4
164.7134515,2,1,4,8,25,0.54,15,1.4,1,25,3.5
154.7154147,2,1,3,5,226,0.08,85,7,2,240,3.5
199.0799457,2,1,4,8,25,0.15,50,4.6,4,76,3.6
